titulo,capitulo,articulo,texto,tokens
 PRIMERO , I ,1o,"La presente Ley es de interés público y de observancia obligatoria en el Estado de Sonora. Tiene por objeto regular el tránsito de vehículos y establecer las normas a las que se sujetarán sus conductores y ocupantes, así como los peatones. La planeación, ejercicio y supervisión de la función pública de tránsito, son actividades de interés público.",86
 PRIMERO , I ,2o,"Los municipios tendrán a su cargo el ejercicio de la función pública de tránsito municipal, de acuerdo a las bases establecidas en esta Ley y demás disposiciones aplicables.",40
 PRIMERO , I ,3o,Son autoridades competentes para aplicar la presente Ley: I,13
 PRIMERO , I ,4o,Compete al Gobernador del Estado: I,11
 PRIMERO , I ,5o,Compete a los Ayuntamientos de los respectivos municipios: I,15
 PRIMERO , I ,6o,Son atribuciones de los jefes de tránsito municipal: I,16
 PRIMERO , I ,7o,"Los Ayuntamientos de los municipios del Estado nombrarán, a propuesta de los Presidentes Municipales, al Jefe de la Policía de Tránsito Municipal. La facultad de remoción del mismo será competencia exclusiva del Ayuntamiento. Los Oficiales Superiores y demás personal, serán nombrados por los Presidentes Municipales. Serán oficiales superiores de las policías de tránsito municipales, los subjefes. Los cargos de jefe y subjefe de policía de tránsito municipal podrán recaer en las mismas personas que tengan, respectivamente, los cargos de jefe y subjefe de policía preventiva de un municipio.",159
 PRIMERO , I ,8o,"Para los efectos de la disciplina y del mando, los integrantes de las policías de tránsito municipales ostentarán los siguientes grados jerárquicos: I",40
 PRIMERO , I ,*9o,"Los integrantes de las policías de tránsito municipales serán los encargados de hacer cumplir las determinaciones de los Ayuntamientos y los Presidentes Municipales, así como vigilar en los términos de sus comisiones o de las funciones que sean acorde con sus jerarquías, el cumplimiento del presente ordenamiento y de los reglamentos, circulares y demás disposiciones de observancia general que aprueben los ayuntamientos. Los Comisarios y los Delegados Municipales ejercerán las funciones a que se refiere el párrafo que antecede, dentro de sus respectivas jurisdicciones, cuando no existan en las mismas, elementos de la Policía de Tránsito Municipal. Los integrantes de las policías de tránsito municipales actuarán en auxilio y a solicitud expresa del Ministerio Público, en la investigación, averiguación y persecución de hechos delictuosos derivados de las actividades reguladas por esta Ley.",225
 PRIMERO , I ,*10,"Los partes que rindan los integrantes de las Policías de Tránsito Municipales harán prueba en la averiguación o el juicio criminal correspondiente, siempre que estén certificados por dos testigos de asistencia o por el Secretario de la Corporación, si existe y se refieran a materia de tránsito. Los integrantes de las Policías de Tránsito Municipales no podrán recoger ni exigir la entrega de licencias, tarjetas de circulación, placas y vehículos, sino en los casos expresamente previstos en esta Ley, en la comisión de algún delito, o cuando el conductor, siendo procedente de otro 3 Estado o país no garantice el cumplimiento del pago de las infracciones en que incurra. Las Policías de Tránsito Municipales podrán, previo acuerdo de los ayuntamientos, ejercer las atribuciones asignadas a las policías preventivas en la Ley de Seguridad Pública para el Estado de Sonora. Dicho acuerdo deberá publicarse en el Boletín Oficial del Gobierno del Estado de Sonora.",242
 PRIMERO , II,11,"Son de jurisdicción municipal, las vías públicas ubicadas dentro de los límites de las poblaciones y ciudades comprendidas en el territorio del Municipio, así como los caminos y demás vías que no atraviesen los límites de dos o más Municipalidades. Sin embargo, los vehículos y sus conductores, y los peatones que usen vías públicas de jurisdicción estatal o federal, estarán sujetos a la vigilancia de las autoridades y agentes de tránsito de los Municipios por los que atraviesen, en cuanto no se opongan a disposiciones federales.",138
 PRIMERO , II,12,"Son de jurisdicción estatal las vías públicas que atraviesen los límites de dos o más municipios, las que entronquen con alguna vía de jurisdicción federal, las que en su totalidad o en su mayor parte sean construidas por el Estado con fondos estatales o mediante concesión estatal por particulares o municipios.",81
 PRIMERO , II,13,"En caso de duda respecto a la jurisdicción de alguna vía pública, cualquier interesado puede solicitar que el Ejecutivo del Estado haga la declaratoria correspondiente.",39
 PRIMERO , II,14,"Son vías públicas las calzadas, boulevares, avenidas, calles, callejones de acceso y sus banquetas; así como los caminos vecinales, brechas, desviaciones, veredas, senderos, sus acotamientos; los puentes que unen a las vías públicas y a las zonas de protección de ambos.",82
 PRIMERO , II,15,"Las vías públicas destinadas al tránsito de vehículos y de peatones, son bienes de dominio público. Su uso es común y no causa retribución alguna, sin más limitaciones que las señaladas en esta Ley y las disposiciones de las autoridades de tránsito dictadas en estricto cumplimiento de sus facultades.",80
 PRIMERO , II,16,"Los caminos o calles que atraviesen predios o terrenos particulares, solamente podrán considerarse como vías públicas, cuando comuniquen dos o más poblaciones, o dos o más caminos o calles, no así cuando se trate de meras servidumbres de paso entre dos propiedades privadas. El uso de estos caminos hace nacer, respecto de los usuarios, la obligación de cerrar convenientemente las puertas que encuentren en su camino, de observar los avisos que pongan sus propietarios y de no estacionarse en sus interiores. En caso de duda sobre si un camino o calle deba ser o no considerado como vía pública, corresponde al ayuntamiento respectivo resolverla, después de escuchar a los interesados y recibir sus pruebas.",177
 PRIMERO , II,17,"Las leyes fiscales respectivas, determinarán las características, vigencia y cuantía de los derechos por concepto de placas de circulación, expedición de licencias, calcomanías por revisados, permisos, estacionamientos exclusivos, estacionamientos públicos y estacionómetros.",68
 SEGUNDO , I ,18,"Para el manejo en la vía pública de vehículos de propulsión automotriz, se requiere de las siguientes licencias: I",30
 SEGUNDO , I ,19,"Para obtener la licencia de automovilista a que se refiere la Fracción I del Artículo anterior, se requiere: I",29
 SEGUNDO , I ,20,"Para obtener la licencia de chofer, a que se refiere la fracción II del artículo 18 de esta Ley, además de reunir los requisitos que se establecen en el Artículo anterior, el solicitante deberá acreditar haber recibido capacitación y adiestramiento en el manejo de vehículos.",69
 SEGUNDO , I ,21,"Para obtener licencia de operador de servicio público de transporte, deberá: I",17
 SEGUNDO , I ,22,Para obtener licencia de motociclista se requiere: I,14
 SEGUNDO , I ,23,"Las personas mayores de 16 años y menores 18 años, podrán solicitar a la Tesorería General del Estado, por conducto de sus Agencias Fiscales, permiso para manejar automóviles de servicio particular, el cual tendrá vigencia de seis meses.",61
 SEGUNDO , I ,24,"Para obtener el permiso a que se refiere el artículo anterior, deberán satisfacerse los siguientes requisitos: I",25
 SEGUNDO , I ,25,"El permiso podrá ser renovado y expedido nuevamente por períodos iguales al que se expidió originalmente, siempre y cuando compruebe no haber incurrido en alguna infracción por negligencia o imprudencia, hasta en tanto el interesado esté en condiciones de que se le expida la licencia respectiva.",72
 SEGUNDO , I ,26,"Para conducir vehículos de tracción animal, bicicletas, vehículos de tracción mecánica no automotriz y carro de mano, no se requiere licencia, pero no se permitirá que los manejen menores de 12 años. Tampoco se permitirá que menores de 18 años, manejen juegos o diversiones mecánicas accionadas por motores eléctricos o de combustión interna en ferias y estacionamientos destinados al público.",106
 SEGUNDO , I ,27,"Toda persona que haya obtenido licencia o permiso de manejo podrá hacer uso de el durante su vigencia, siempre que conserve las cualidades físicas y mentales necesarias para conducir vehículos de motor.",47
 SEGUNDO , I ,28,"A toda persona que padezca una incapacidad física para la conducción normal de vehículos de motor, se le podrá expedir licencia, cuando cuente con anteojos, prótesis u otros aparatos y el vehículo que pretende conducir esté provisto de mecanismos y otros medios auxiliares que previa demostración, le capaciten para conducir y satisfaga además los requisitos señalados por los artículos 19, 20 y 22 de esta Ley. 6",113
 SEGUNDO , I ,29,A ninguna persona se le expedirá o reexpedirá una licencia cuando se encuentre en los siguientes casos: I,25
 SEGUNDO , I ,30,"Las licencias a que se refiere el Artículo 18 de esta Ley, serán expedidas por la Tesorería General del Estado, en las formas oficiales impresas para el efecto y tendrán la vigencia que en las mismas se establezcan y contendrán: I",63
 SEGUNDO , I ,31,"Los conductores y operadores de vehículos, deberán portar sus respectivas licencias al momento de conducir un vehículo o al tenerlo bajo su cuidado y responsabilidad en caso de estar estacionado en la vía pública. Las personas que contraten los servicios de un chofer u operador de servicio público, así como los que permitan a otro que conduzca su vehículo, deberán cerciorarse de que tienen en regla su licencia de manejar, bajo responsabilidad ante las autoridades de tránsito correspondientes, del pago de las multas que se les impongan por las infracciones en que incurran.",139
 SEGUNDO , I ,32,"Las licencias para conducir expedidas por las autoridades de otros estados o de otros países, tendrá la misma validez que las expedidas conforme a esta Ley para conducir 7 vehículos, siempre y cuando aparezca que se encuentran en vigor y que sus tenedores no establezcan domicilio en el Estado.",69
 SEGUNDO , I ,33,"Los extranjeros que soliciten la expedición de una licencia de las señaladas en el Artículo 18, Fracción I, además de llenar los requisitos exigidos según el caso, deberán comprobar satisfactoriamente su legal estancia en el país.",60
 SEGUNDO , II,34,"Las licencias de conducir que hubiere expedido la Tesorería General del Estado, conforme a lo establecido en esta Ley, podrán recogerse, suspenderse o cancelarse en los siguientes casos: I",46
 SEGUNDO , II,35,"Al recibirse en la Tesorería General del Estado, el oficio que comunica la Resolución Judicial que ordena la suspensión de la licencia, aquella la boletinará a sus dependencias receptoras y a las autoridades municipales de tránsito, para que procedan de inmediato a ejecutar la resolución respectiva.",77
 SEGUNDO , II,36,"Los departamentos de tránsito municipales al tener conocimiento de las causales de cancelación de licencias, lo notificarán al Ayuntamiento respectivo, remitiéndole las infracciones cometidas y actas levantadas. Inmediatamente después, el Ayuntamiento, notificará al titular de las licencias, a fin de que dentro del término de quince días hábiles, manifieste lo que a su derecho convenga, formulando su defensa. Vencido el término señalado en el párrafo anterior, el Ayuntamiento resolverá en definitiva y lo notificará dentro de los cinco días hábiles siguientes al titular de la licencia. Contra esta resolución no procede recurso administrativo alguno. La sanción de cancelación de la licencia es independiente de las multas que por las infracciones que le dieron motivo, se hayan aplicado.",204
 SEGUNDO , II,37,"Cancelada una licencia, se hará del conocimiento de la Tesorería General del Estado, y se notificará al titular para que haga entrega de la licencia, dentro de los cinco días hábiles siguientes, procediendo a comunicar la cancelación a las autoridades de tránsito. 8 La cancelación de licencias de operadores de servicio público de transporte deberá comunicarse además a la Dirección de Transporte del Estado. En caso de que no se entregue la licencia, se hará del conocimiento del Ministerio Público denunciando la comisión del ilícito correspondiente, para los efectos legales conducentes.",144
 SEGUNDO , II,38,"Cuando se recoja una licencia en los términos del Artículo 34, Fracción III de esta Ley, deberá remitirse inmediatamente al Departamento de Tránsito respectivo para que le sea entregada al conductor una vez que haya liquidado la multa y se registre la infracción para su control y efectos estadísticos.",79
 SEGUNDO , II,39,"Salvo el término señalado en la resolución judicial respectiva, la Tesorería General del Estado, podrá volver a expedir nueva licencia a las personas a quienes se les haya cancelado conforme a esta Ley, siempre y cuando haya transcurrido cuando menos un año de la cancelación y hayan desaparecido las condiciones que originaron la misma. Al efecto, recabarán la información de la autoridad municipal de tránsito del domicilio del interesado.",104
 SEGUNDO , III ,*41,"Para circular en el Estado de Sonora, todo vehículo debe reunir los siguientes requisitos: I",21
 SEGUNDO , III ,*42,"La obtención de placas y tarjetas de circulación en los casos de vehículos nuevos o usados, deberá realizarse dentro de los quince días hábiles siguientes al de la fecha de 12 adquisición o del pedimento de importación definitivo a la zona fronteriza o al interior del País o de la baja de placas. Tratándose de vehículos provenientes de otras entidades federativas cuyos propietarios establezcan su domicilio en el Estado de Sonora, tienen de plazo para adquirirlas hasta el 31 de enero del año siguiente al de dicho cambio. El canje de placas se efectuará en el transcurso de los tres primeros meses del año de calendario que corresponda y tendrán una vigencia de tres años, contados a partir del último programa de canje que implemente el Gobierno. Las placas de circulación de los vehículos de propulsión mecánica deberán revalidarse anualmente, durante los tres primeros meses del año del calendario. Para efecto de los trámites a que se hace referencia en el presente artículo, el interesado deberá contar con licencia de conducir vigente del Estado y demás requisitos establecidos en las disposiciones administrativas de observancia general que expida el Ejecutivo Estatal, por conducto de la Secretaría de Hacienda.",304
 SEGUNDO , III ,43,"Cuando se trate de placas para vehículos de servicio público de transporte, además de observar los requisitos establecidos en el Artículo anterior, deberá acreditarse, en su caso: I",44
 SEGUNDO , III ,44,Los vehículos destinados al servicio público de transporte deberán satisfacer además las exigencias y requisitos que se señalan en la Ley de Transportes del Estado.,34
 SEGUNDO , III ,45,"Los vehículos oficiales deberán ostentar, en lugar visible de sus portezuelas, leyendas que identifiquen la dependencia pública a que pertenezcan. Los vehículos propiedad particular de los funcionarios y empleados públicos, no podrán ser considerados como oficiales.",64
 SEGUNDO , III ,46,"Los vehículos destinados exclusivamente a su venta al público y en tanto son vendidos, para poder circular en la vía pública, deberán portar placas de demostración, que para ese efecto proporcionará la Tesorería General del Estado. Para obtener las placas de demostración se estará a lo que dispongan al respecto las leyes fiscales correspondientes.",81
 SEGUNDO , III ,47,"Las placas y tarjetas de circulación son intransferibles entre particulares o empresas, salvo que exista cambio de propietario. Las placas permanecerán en el vehículo y únicamente se expedirá tarjeta de circulación cuando se enajene, previo el pago de los derechos correspondientes.",71
 SEGUNDO , III ,*48,"El cambio de propietario, de uso o de destino de los vehículos de 13 propulsión mecánica, deberá ser notificado a la Agencia Fiscal del Estado que corresponda al domicilio del propietario, dentro del término de quince días contados a partir de que se efectue la operación de que se trate, respecto de los vehículos de propulsión sin motor, la notificación a que se refiere este artículo, deberá hacerse dentro de igual término, a la Tesorería Municipal del domicilio del propietario. Asimismo, dentro del término de quince días, contados a partir de efectuada la baja correspondiente, deberá todo vehículo ser dado de alta, acompañando además de los requisitos especiales que se señalan, copia de la baja correspondiente. Tratándose de vehículos destinados a la prestación del servicio público de transporte, dentro del mismo término, deberán notificarlo a la Dirección de Transporte del Estado. Al ser dado de baja el vehículo, deberá acreditarse no tener adeudo por concepto de multas de tránsito, así como derechos que se generen por la explotación del servicio público de transporte, en su caso. La certificación respectiva se asentará en el espacio destinado para ello en las formas oficiales a que se refiere el primer párrafo de este artículo. Juntamente con el aviso de baja, deberá enterarse el impuesto que corresponda, así como devolverse el original de la tarjeta de circulación.",347
 SEGUNDO , III ,49,"En caso de extravío de una o ambas placas, deberá darse aviso de este hecho al Departamento de Tránsito Municipal, proporcionando todos los datos que se consideren convenientes y que sirvan para acreditar el extravío o para formalizar la averiguación penal que pudiese resultar. La copia del aviso, sellada de recibido por el Departamento de Tránsito Municipal, servirá de resguardo al interesado hasta por un término de treinta días, transcurrido el cual deberá dar de baja el número de placas y recabar un nuevo juego, previo el pago de los derechos de expedición.",145
 SEGUNDO , III ,*50,Las tarjetas de circulación contendrán los datos relativos a las características del vehículo y a los de identificación de su propietario.,33
 SEGUNDO , III ,*51,"En caso de extravío o destrucción de la tarjeta de circulación, deberá solicitarse su reposición ante la misma autoridad que la haya expedido, la que la otorgará previo al pago de los derechos que correspondan.",53
 SEGUNDO , III ,52,"Los vehículos procedentes del extranjero o de zonas libres fiscales, deberán ampararse además de sus placas y tarjeta de circulación de origen, con el permiso de las autoridades aduanales correspondientes, para que puedan circular por el Estado de Sonora.",65
 SEGUNDO , IV,*53,"Todo vehículo que transite por la vía pública deberá encontrarse en condiciones satisfactorias de funcionamiento y provisto de los dispositivos que exige la presente Ley y demás ordenamientos aplicables, salvo aquellos que se señalen como opcionales. Los propietarios o poseedores de vehículos de propulsión mecánica estarán obligados a presentarlos para su revisión ante la policía de tránsito del municipio que corresponda, durante los meses de enero y julio de cada año, o dentro de los treinta días siguientes a su adquisición, cuando esta se efectúe fuera de los meses señalados. Así también estarán obligados a presentar los vehículos para la verificación de emisiones 14 contaminantes en los centros que para ese efecto autorice la autoridad que corresponda, en los tiempos y formas que marque el reglamento respectivo, o dentro de los treinta días siguientes a su adquisición, cuando ésta se efectúe fuera de la fecha que le correspondiera. SECCIÓN II LUCES",240
 SEGUNDO , IV,54,Faros principales delanteros: a),9
 SEGUNDO , IV,55,"Los vehículos de bomberos, de policía y tránsito, ambulancias y otros de emergencia autorizados, así como los vehículos destinados al mantenimiento de los servicios urbanos y limpieza de la vía pública, deberán estar provistos de una lámpara cuyo giro sea de 360 grados y que proyecte una luz roja visible a una distancia no menor de 150 metros, bajo la luz solar. La lámpara deberá ir montada en la parte más alta del vehículo. Los vehículos oficiales de seguridad pública, además de la luz giratoria, podrán utilizar otras lámparas de color azul, combinadas con la anterior y que serán exclusivas de esta función. Estos dispositivos no deberán ser utilizados en ninguna otra clase de servicio.",177
 SEGUNDO , IV,56,Lámparas posteriores y reflectantes: a),12
 SEGUNDO , IV,57,"Lámparas direccionales: Todo vehículo automotor de 4 o más ruedas, deberá estar provisto de lámparas direccionales en el frente y en la parte posterior del vehículo o combinación de vehículos, que, mediante luces intermitentes, indiquen la intención de dar vuelta o cualquier otro movimiento para cambiar de dirección, alcanzar o adelantar otro vehículo. Tanto en el frente como en la parte posterior dichas lámparas deberán estar montadas simétricamente a un mismo nivel y separadas lateralmente tanto como sea posible. Las lámparas delanteras deberán emitir una luz blanca o ámbar y las posteriores color rojo o ámbar. Bajo la luz solar normal, estas luces deberán ser visibles desde una distancia no menor de 100 metros y podrán estar incorporadas o no a otras lámparas del vehículo.",197
 SEGUNDO , IV,58,"Equipo adicional de lámparas y reflectores obligatorios para determinados vehículos. Además del equipo que exigen los artículos anteriores, los vehículos que se mencionan a continuación, deberán estar equipados en la forma que aquí se especifica: a)",61
 SEGUNDO , IV,59,"Las lámparas delanteras de gálibo, las de identificación, las lámparas demarcadoras laterales y los reflectantes montados en el frente o a los lados cerca del frente de un vehículo, deberán emitir o reflectar un color ámbar. Todos los dispositivos de luces o reflectantes montados en la parte posterior de cualquier vehículo, deberán emitir o reflectar luces de color rojo, salvo la luz de alto u otro dispositivo indicador que puede ser de color rojo, ámbar o amarillo y salvo también la luz que ilumina la placa de circulación que deberá ser blanca y la luz que emita la lámpara indicadora de retroceso que será blanca o de color ámbar. Siempre que se haga transporte en combinación de vehículos de motor remolcando a otros, no habrá necesidad de llevar encendidas las luces que, debido a su emplazamiento, queden 17 obstruidas por otro vehículo de la combinación.",234
 SEGUNDO , IV,60,Equipo opcional de lámparas: a),11
 SEGUNDO , IV,61,Dispositivos acústicos y ópticos en vehículos de emergencia. a),20
 SEGUNDO , IV,62,"Equipo de lámparas en grúas y vehículos de servicio mecánico. Además del equipo establecido en el presente Capítulo en su parte relativa, las grúas y los vehículos de servicio mecánico, deberán estar provistos de una torreta con lámparas giratorias a 360 grados, que emitan una luz de color ámbar visible a una distancia no menor de 150 metros, montada en la parte más alta posible del vehículo sobre la línea de centro. Además podrán instalarse 2 lámparas montadas simétricamente lo más elevado y separadas posible de la línea del centro del vehículo, sin que sobresalgan de su carrocería, que emitan luz de color ámbar hacia adelante y hacia atrás, visibles a una distancia no menor de 150 metros. También deberán tener instalados cuando menos un faro buscador.",198
 SEGUNDO , IV,63,"Equipo de alumbrado en motocicletas: Toda motocicleta deberá estar provista del siguiente equipo de alumbrado, el cual deberá permanecer siempre encendido mientras esté en circulación. En la parte delantera, un faro principal de intensidad variable ""ALTA"" y ""BAJA"", colocado al centro del vehículo. En la parte posterior: Una o 2 lámparas que emitan luz roja. Una reflectante de color rojo, ya sea que forme parte de la lámpara posterior, o independientemente de la misma. Una lámpara indicadora de frenaje que emita luz roja o ámbar al aplicar los frenos de servicio, ya sea que forme parte de la lámpara posterior, o independientemente de la misma. Tanto en la parte delantera como en la posterior, deberán estar provistas de luces direccionales, de color ámbar en la delantera y roja en la posterior. Cuando la motocicleta sea de 3 ruedas el equipo de alumbrado de la parte posterior deberá ajustarse, en su parte relativa a lo establecido para vehículo de 4 o más ruedas.",267
 SEGUNDO , IV,64,"Equipo de alumbrado para bicicletas: Toda bicicleta deberá estar equipada con un faro delantero de una sola intensidad, que emita luz blanca, que permita ver a personas u objetos a una distancia no menor de 20 metros. Además en la parte trasera deberá llevar una lámpara que emita una luz roja, visible a una distancia no menor de 100 metros y cuando menos un reflectante de color rojo, visible por la noche desde cualquier vehículo que se encuentre a una distancia comprendida entre 30 y 100 metros, cuando la luz alta de los faros principales de dicho vehículo se proyecte directamente sobre ellos. 19",151
 SEGUNDO , IV,65,"Luces de vehículos estacionados: Todo vehículo deberá estar provisto cuando menos de 2 lámparas delanteras de estacionamiento de las llamadas cuartos, colocadas simétricamente y lo más alejado posible de la línea de centro del vehículo, montadas a una altura no menor de 35 centímetros ni mayor de 1.60 metros, que cuando enciendan emitan una luz blanca o ámbar visibles a una distancia de 300 metros. Dichas lámparas al ser accionadas, deberán encender simultáneamente con las lámparas rojas posteriores. SECCIÓN III FRENOS",146
 SEGUNDO , IV,66,"Todo vehículo automotor, remolque, semirremolque o combinación de estos vehículos, que transiten por la vía pública, deberán estar previstos de frenos que puedan ser fácilmente accionados por el conductor del vehículo automotor desde su asiento, los cuales deben conservarse en buen estado de funcionamiento, estar ajustados de modo que actúen uniformemente en todas las ruedas y que satisfagan los siguientes requisitos: a)",103
 SEGUNDO , IV,67,Motocicletas y bicicletas: a),13
 SEGUNDO , IV,68,"Bocinas y dispositivos de advertencia. Todo vehículo de motor deberá estar provisto de una bocina en buen estado de funcionamiento y capaz de emitir un sonido que, en circunstancias normales sea audible desde una distancia no menor de 60 metros. Pero ninguna bocina, ni ningún otro dispositivo de advertencia, emitirá ningún sonido o silbato que sea irrazonablemente fuerte o agudo. Está permitido, pero no es obligatorio, que cualquier vehículo esté provisto de un dispositivo 21 de alarma contra robos dispuesto de modo que el conductor no pueda utilizarlo como señal ordinaria de advertencia. Los vehículos considerados como de emergencia, además de la bocina a que alude este artículo, podrán estar provistos de una sirena capaz de emitir una señal acústica audible a una distancia de 60 metros o más. Queda prohibida la instalación y uso de sirenas en cualquier otra clase de vehículos.",224
 SEGUNDO , IV,69,"Los automóviles deberán estar provistos de cinturones de seguridad, cuando menos en los asientos delanteros. Los conductores con limitaciones físicas o parapléjicos deberán portar una señal especialmente visible, consistente en el símbolo de la silueta de la silla de ruedas blanca con fondo negro en su vehículo para identificación.",86
 SEGUNDO , IV,70,Dispositivos mejoradores del ambiente especialmente obligatorios en zonas urbanas y suburbanas: a),22
 SEGUNDO , IV,71,Espejos retrovisores: Todo vehículo automotor deberá estar provisto de los espejos retrovisores que se requieran conforme al tipo y servicio a que están destinados.,40
 SEGUNDO , IV,72,"Cristales: Los parabrisas tienen que estar libres de obstrucciones y provistos de limpiadores. Nadie conducirá ningún vehículo de motor que tenga puestos en el parabrisas delantero, las ventanillas laterales de aleta, ni en las ventanas laterales y posteriores del vehículo, algún rótulo, cartel u otro material opaco que obstruya la clara visión del conductor. El parabrisas de todo vehículo de motor deberá estar provisto de un dispositivo que limpie la lluvia, la nieve u otra humedad; dispositivo que deberá estar construido de modo que lo haga funcionar el conductor del vehículo, desde su interior. 22 Las sustancias transparentes que constituyen elementos de pared exterior del vehículo, incluido el parabrisas, o de pared interior de separación, deberán ser tales que, en caso de rotura el peligro de las lesiones corporales quede reducido en la mayor medida posible. Los cristales del parabrisas deberán estar hechos de una sustancia cuya transparencia no se altere y deberán estar fabricados de tal manera que no deformen apreciablemente los objetos vistos a través de ellos y que, en caso de rotura, el conductor pueda seguir viendo la vía con suficiente claridad.",299
 SEGUNDO , IV,73,Dispositivos de advertencia: a),9
 SEGUNDO , IV,74,Equipo de llantas: a),8
 SEGUNDO , V,75,"La circulación de los vehículos dentro de los perímetros urbanos, se regirá por las disposiciones de la presente Ley.",28
 SEGUNDO , V,76,"Todo usuario de las vías públicas está obligado a obedecer las reglas de la presente Ley. Las indicaciones de los dispositivos para el control del tránsito prevalecen sobre las reglas de circulación, excepto cuando estas estipulen claramente que prevalecen sobre las indicaciones de tales dispositivos. Las indicaciones del agente de tránsito prevalecen sobre las de los dispositivos para el control de tránsito y sobre las demás reglas de circulación.",112
 SEGUNDO , V,77,"Para la realización de eventos deportivos y tránsito de caravanas de vehículos o peatones, deberá obtenerse autorización del jefe de tránsito correspondiente, con un mínimo de tres días de anticipación al evento de que se trate.",59
 SEGUNDO , V,78,"Queda prohibido a los conductores de vehículos entorpecer la marcha de columnas militares, las escolares, los desfiles cívicos o las manifestaciones permitidas y los cortejos fúnebres o cruzar las filas de éstas.",61
 SEGUNDO , V,79,Se prohibe aprovisionar de combustible a un vehículo con el motor en marcha. Los vehículos de transporte colectivo de personas no deberán ser aprovisionados de combustible con pasajeros a bordo.,48
 SEGUNDO , V,80,Ningún vehículo debe llevar personas a bordo cuando sea transportado por una embarcación u otro medio. Tampoco deberá levarlas cuando sea remolcado por un vehículo de salvamento.,46
 SEGUNDO , V,81,"Se prohibe a toda persona conducir un vehículo en estado de ebriedad o bajo la acción de drogas o sustancias que disminuyan su aptitud para conducir, aun cuando por 24 prescripción médica esté autorizada para usarlas. Se considera que una persona se encuentra en estado de ebriedad, cuando tenga 0.80% o más de contenido alcohólico en su sangre.",92
 SEGUNDO , V,82,"Los conductores deberán tener cuidado para evitar accidentes, y cuando observen sobre el arroyo de la vía pública a cualquier persona, objeto o animal, deberán disminuir al mínimo su velocidad, y en caso necesario, parar el vehículo.",56
 SEGUNDO , V,83,"Se prohibe el uso innecesario de bocinas y en especial, cerca de hospitales, sanatorios, escuelas y edificios públicos, debiendo utilizarse sólo para evitar accidentes.",47
 SEGUNDO , V,84,"Ningún conductor deberá seguir a un vehículo de bomberos u otros servicio de emergencia, ni detenerse, ni estacionarse a una distancia menor de ciento cincuenta metros de los hechos, salvo que se justifiquen estas operaciones.",58
 SEGUNDO , V,85,"Ningún vehículo deberá pasar sobre una manguera contra incendios carente de protección, sin el consentimiento del personal de bomberos.",34
 SEGUNDO , V,86,"Ningún conductor deberá estacionarse sobre la carretera, sin instalar señales preventivas, ni cerca de una curva, donde no sea visible a una distancia que proporcione seguridad para frenar el conductor de otro vehículo, tampoco se estacionará en los tramos llamados ""columpios"".",69
 SEGUNDO , V,87,"Ninguna persona conducirá un vehículo por una vía pública, a velocidad mayor de la autorizada con excepción de los vehículos de emergencia.",33
 SEGUNDO , V,88,"Los límites máximos de velocidad cuando no haya señales indicadoras, serán los siguientes: de 30 kilómetros por hora en zonas urbanas, y de 80 kilómetros por hora fuera de los perímetros urbanos.",52
 SEGUNDO , V,89,"Cuando se transporte maquinaria y otros objetos cuyo peso excesivo pueda ocasionar lentitud en la marcha del vehículo, entorpeciendo la circulación o daños a la vía pública, previamente deberá solicitarse permiso del Departamento de Tránsito, el que señalará el horario, derrotero y condiciones a que deba sujetarse el acarreo de dichos objetos.",94
 SEGUNDO , V,90,"Los vehículos de uso agrícola solamente circularán por los caminos de acceso de las vías principales. A falta de éstos, para circular por las mismas, deberán recabar previamente autorización del Departamento de Tránsito.",56
 SEGUNDO , V,91,"El transporte de materias líquidas inflamables deberá efectuarse en vehículos adaptados exclusivamente para el objeto, en latas, o tambores herméticamente cerrados. En todo caso, los vehículos deberán estar dotados de un extinguidor de incendio.",65
 SEGUNDO , V,92,"Para transportar materias altamente explosivas es obligatorio recabar previamente el permiso de la Secretaría de la Defensa Nacional, así como del Departamento de Tránsito, en los que se fijaran el horario, derrotero y demás condiciones a que habrá de sujetarse el acarreo.",71
 SEGUNDO , V,93,"los vehículos que transporten materias líquidas inflamables o altamente explosivas deberán llevar una banda roja en su parte delantera y otra en su parte posterior y, en forma ostensible, rótulos en las partes posterior y lateral que contengan la inscripción: ""PELIGRO, INFLAMABLES"" o ""PELIGRO, EXPLOSIVOS"", respectivamente.",89
 SEGUNDO , V,94,"Los usuarios de la vía pública deberán abstenerse de todo acto que pueda constituir un obstáculo para la circulación de peatones y vehículos, poner en peligro a las personas o causar daños a propiedades públicas o privadas. En consecuencia, queda prohibido depositar en las vías públicas, materiales de construcción de cualquier índole, cascajo, tubería, mercancía y 25 objetos de cualquier naturaleza. En caso de justificada necesidad, la maniobra de retiro deberá ser inmediata y de preverse que esto no sea posible, se recabará autorización del Departamento de Tránsito, quien la otorgará exclusivamente en lugares donde dicho depósito no signifique algún obstáculo de importancia a la libre circulación de peatones y vehículos, debiendo establecerse indicadores que permitan distinguir la ubicación del obstáculo.",210
 SEGUNDO , V,95,"Quien remueva un vehículo accidentado o dañado, deberá limpiar la superficie de la vía de cualquier basura, vidrios u otro material dañino que haya caído en la misma.",47
 SEGUNDO , V,96,"Se prohibe conducir vehículos con mayor número de personas de las que puedan ir debidamente sentados en los asientos diseñados para tal objeto, también queda prohibido llevar bultos u objetos que obstruyan la visibilidad del conductor, sea al frente, a los lados o en la parte posterior del vehículo.",71
 SEGUNDO , V,97,Los vehículos deberán circular con sus puertas cerradas y queda prohibido transportar personas en la parte exterior de la carrocería.,29
 SEGUNDO , V,98,"La carga de un vehículo deberá estar acomodada, sujeta y cubierta en tal forma que: I",26
 SEGUNDO , V,99,"La carga de mal olor o repugnante a la vista, debe transportarse en caja cerrada o debidamente protegida.",31
 SEGUNDO , V,100,Carga sobresaliente: I,8
 SEGUNDO , V,101,"Ningún vehículo deberá exceder de las siguientes dimensiones: Longitud 12.00 metros, excepto los articulados que podrán tener hasta 18.30 metros de longitud. Anchura 2.60 metros, incluyendo la carga del vehículo. Altura 4.00 metros, incluyendo la carga del vehículo. 26",79
 SEGUNDO , V,102,"La carga y descarga de objetos, se efectuará directamente del vehículo al interior de la finca y viceversa.",28
 SEGUNDO , V,103,"En las calles de un solo sentido, la carga y descarga se hará del lado en que se encuentre ubicada la casa o almacén previo permiso del Departamento de Tránsito, debiendo procurar este, se efectúe en las horas en que el tráfico sea menos intenso.",68
 SEGUNDO , V,104,Para la descarga de objetos pesados se usarán planos inclinados o cualquier otro sistema de protección al pavimento. Los propietarios de los vehículos serán responsables de los daños que ocasionen por esta omisión.,52
 SEGUNDO , V,105,"Durante la carga o descarga de un vehículo de tracción animal, es obligatorio que una persona permanezca al cuidado inmediato de los animales. SECCIÓN II CONDUCCIÓN DE VEHÍCULOS DE MOTOR",53
 SEGUNDO , V,106,"Ninguna persona deberá poner en movimiento un vehículo, sin que previamente se cerciore de que puede hacerlo con seguridad.",29
 SEGUNDO , V,107,"Ninguna persona que conduzca un vehículo deberá hacerlo negligente o temerariamente, poniendo en peligro la seguridad de las personas o de los bienes. Se prohibe la circulación de vehículos, en la noche, a aquellos que por sus características y dimensiones ocupen mayor espacio del establecido para el carril de circulación.",82
 SEGUNDO , V,108,"Ninguna persona conducirá un vehículo de motor sin llevar asido firmemente con ambas manos el control de dirección, ni llevará a su izquierda o entre sus brazos ninguna persona o bulto, ni permitirá que otra persona tome el control de dirección o dificulte esta maniobra. Es obligatorio para el conductor, así como para sus acompañantes, utilizar el cinturón de seguridad a que se refiere el artículo 69 de esta Ley, cuando el vehículo esté en marcha. Los menores de seis años de edad deberán viajar preferentemente en el asiento trasero del vehículo y en un asiento de seguridad para niños, debiendo sujetarlos con el cinturón de seguridad para adultos, siguiendo las instrucciones del fabricante del vehículo y del asiento de seguridad señaladas para ese efecto. Queda prohibido a los conductores hacer uso de teléfonos celulares mientras se conduce un vehículo de motor.",215
 SEGUNDO , V,109,"Queda prohibido a los conductores de vehículos, transitar sobre las rayas longitudinales marcadas en la superficie de rodamiento, que delimiten los carriles de circulación.",44
 SEGUNDO , V,110,"Ningún vehículo debe ser conducido a través o dentro de una isleta, sus marcas de aproximación o una zona de seguridad para peatones.",34
 SEGUNDO , V,111,"Los conductores deberán tener el debido cuidado para evitar atropellamientos y advertirán a los peatones del peligro, haciendo sonar la bocina cuando sea absolutamente necesario, extremando precauciones especialmente cuando se observen en la vía a un niño o cualquier persona aparentemente impedida. Iguales medidas de seguridad, observarán cuando haya niños jugando en las inmediaciones de la vía.",94
 SEGUNDO , V,112,Queda prohibido a los conductores producir con sus vehículos ruidos que 27 molesten a otras personas.,26
 SEGUNDO , V,113,"Solamente se dará marcha atrás en un espacio no mayor de diez metros, cuando el movimiento pueda hacerse con seguridad y sin interferir el tránsito. Queda prohibido realizar estas maniobras en las bocacalles. SECCIÓN III CONDUCCIÓN DE BICICLETAS Y MOTOCICLETAS",75
 SEGUNDO , V,114,"Todo conductor de bicicleta y motocicleta tiene los mismos derechos y está sujeto a las mismas obligaciones que para los conductores de vehículos de motor señala esta Ley, excepto las que por su naturaleza no le sean aplicables.",56
 SEGUNDO , V,115,Queda prohibida la conducción de bicicletas en la vía pública a menores de 12 años de edad y la conducción de motocicletas a menores de 14 años.,44
 SEGUNDO , V,116,"Quien conduzca una bicicleta o motocicleta deberá ir debidamente colocado en un asiento sujeto a la estructura y diseñado para tal fin, viendo hacia adelante con una pierna en cada uno de los lados del vehículo y manteniendo ambas manos sujetando el manubrio.",73
 SEGUNDO , V,117,"En las bicicletas y motocicletas podrán viajar únicamente el número de personas que ocupen asientos especialmente acondicionados para tal objeto, ya sea en la parte posterior o lateral del conductor, según conste en la Tarjeta de Circulación.",60
 SEGUNDO , V,118,"Toda persona que conduzca bicicletas o motocicletas deberán mantenerse en el carril de la extrema derecha de la vía y procederá con el debido cuidado al pasar a un vehículo estacionado. No deberá transitar al lado de otra bicicleta o motocicleta, ni sobre las aceras.",78
 SEGUNDO , V,119,"Quien conduzca motocicleta, está facultado para el uso de un carril de circulación y todo conductor de un vehículo de motor de 4 o más ruedas no podrá conducir este de tal manera, que prive de una parte del uso total de un carril al conductor de una motocicleta: I",73
 SEGUNDO , V,120,"Ninguna persona que conduzca una bicicleta o motocicleta, deberá asirse o sujetar la bicicleta o motocicleta a ningún otro vehículo que transite en la vía pública.",48
 SEGUNDO , V,121,Ninguna persona deberá conducir una bicicleta entre los carriles de tránsito y entre hileras adyacentes de vehículos.,34
 SEGUNDO , V,122,"Ninguna persona que conduzca una bicicleta o motocicleta, podrá llevar carga de cualquier naturaleza, la cual sólo podrá ser transportada cuando el vehículo esté especialmente acondicionado para ello y no se afecte su estabilidad, ni la visibilidad del conductor.",64
 SEGUNDO , V,123,Cuando exista una pista especial para bicicletas los ciclistas estarán obligados a transitar exclusivamente por esta vía. 28 SECCIÓN IV CONSERVACIÓN DE DISTANCIAS Y CARRILES,50
 SEGUNDO , V,124,"Todo vehículo en tránsito debe conservar su distancia, respecto al que va adelante, como a continuación se indica: I",29
 SEGUNDO , V,125,"En vías de dos o más carriles en el mismo sentido, el vehículo deberá ser conducido hasta donde las circunstancias lo permitan en el mismo carril y sólo se desviará a otro, cuando el conductor se haya cerciorado de que podrá llevar a cabo esta maniobra con la necesaria seguridad.",71
 SEGUNDO , V,126,"Es obligatorio para los conductores que vayan a salir de una vía principal, pasar con suficiente anticipación al carril de su extrema derecha, para tomar desde su inicio el carril de desaceleración.",48
 SEGUNDO , V,127,"Los conductores que vayan a entrar a una vía principal, deberán tomar el carril de aceleración, debiendo ceder el paso a los vehículos que ya circulen por la vía principal.",45
 SEGUNDO , V,128,"En las vías de acceso controlados, se prohibe la entrada y salida de vehículos fuera de los lugares expresamente designados para ello. SECCIÓN V CIRCULACIÓN POR LA DERECHA",43
 SEGUNDO , V,129,"Los vehículos deberán ser conducidos por la mitad derecha de la vía, salvo los siguientes casos: I",26
 SEGUNDO , V,130,"Cuando un vehículo circule en una vía de 2 carriles con circulación en ambos sentidos, deberá tomar su extrema derecha al encontrar un vehículo que transite en sentido opuesto. 29",48
 SEGUNDO , V,131,"En vías de tres o más carriles, con circulación en ambos sentidos, ningún vehículo deberá ser conducido por el carril central, el que solamente podrá utilizarse en los siguientes casos: I",47
 SEGUNDO , V,132,"Cuando la superficie de rodamiento de una vía, esté dividida longitudinalmente por un espacio o una barrera, ningún vehículo transitará o cruzará por el espacio divisorio ni se estacionará en éste.",51
 SEGUNDO , V,133,"Para transitar en derredor de una plataforma circular, los vehículos deberán ser conducidos dejando a la izquierda el centro de la misma. SECCIÓN VI OBLIGACIÓN DE CEDER EL PASO",47
 SEGUNDO , V,134,"En intersecciones o zonas marcadas de paso de peatones, donde no haya semáforos ni Agentes que regulen la circulación, los conductores cederán el paso a los peatones que se encuentren sobre la parte de la superficie de rodamiento correspondiente al sentido de circulación del vehículo. En vías de doble circulación, donde no haya refugio central para peatones, también deberán ceder el paso a los que se aproximen provenientemente de la parte de la superficie de rodamiento correspondiente al sentido opuesto.",130
 SEGUNDO , V,135,"Las intersecciones con calles transversales de calles laterales de avenidas, serán consideradas independientes de las intersecciones de los carriles centrales de dichas avenidas con las mismas calles transversales, salvo que se rijan por un mismo semáforo. En consecuencia, las calles laterales no tendrán preferencia de paso sobre las calles transversales por el solo hecho de formar parte de una arteria más importante. Para determinar la preferencia de paso entre estas calles laterales y las transversales, se aplicarán las normas establecidas en esta Ley.",140
 SEGUNDO , V,136,"El vehículo que se aproxime en forma simultánea con otros procedentes de diferentes vías a un crucero sin señalamiento, deberá ceder el paso al que circule por su lado derecho.",44
 SEGUNDO , V,137,"Aunque los dispositivos para el control del tránsito lo permitan, queda prohibido avanzar sobre una intersección cuando adelante no haya espacio suficiente para que el vehículo deje libre la intersección. El conductor que se acerque a un crucero sin señalamiento, cederá el paso a aquellos vehículos que ya se encuentren ostensiblemente dentro de dicho crucero.",90
 SEGUNDO , V,138,"El conductor que tenga que cruzar la acera para entrar o salir de una cochera, estacionamiento o calle privada deberá ceder el paso a peatones y vehículos.",40
 SEGUNDO , V,139,Tienen preferencia de paso los vehículos que se desplazan sobre rieles respecto de los demás. 30 SECCIÓN VII REDUCCIÓN DE VELOCIDAD Y CAMBIO DE DIRECCIÓN,48
 SEGUNDO , V,140,Ningún conductor de vehículos deberá frenar bruscamente a menos que razones de seguridad le obliguen a ello.,27
 SEGUNDO , V,141,"Todo conductor que pretenda detenerse, reducir considerablemente su velocidad, hacer viraje para dar vuelta o cambiar de carril, sólo iniciará la maniobra, cuando se cerciore de que puede ejecutarla con seguridad, avisando previamente al que le siga de la siguiente manera: I",66
 SEGUNDO , V,142,"Para dar vuelta en una intersección, los conductores lo harán con precaución, cediendo el paso a los peatones y procediendo como sigue: I",37
 SEGUNDO , V,143,"Ningún conductor deberá dar vuelta en ""u"" para colocarse en sentido opuesto a mitad de cuadra, o cerca de una curva, o de una cima, o donde su vehículo no pueda ser avistado por otro conductor desde una distancia de seguridad, de acuerdo con la velocidad máxima permitida en la vía. No se permitirá la vuelta en ""u"" en las arterias de tráfico intensivo. SECCIÓN VIII EMPLEO DE LAS LUCES",108
 SEGUNDO , V,144,"Durante la noche o cuando por las circunstancias que prevalezcan no haya suficiente visibilidad, todo vehículo deberá llevar encendidas sus lámparas de acuerdo con las reglas siguientes: I",45
 SEGUNDO , V,145,"Las luces direccionales se emplearán para indicar cambios de dirección como se establece en el Artículo 141, Fracción II de esta Ley. Cuando funcionen simultáneamente las de ambos lados, podrán emplearse como protección durante paradas o estacionamientos. El empleo de las luces direccionales deberá efectuarse a media cuadra antes de llegar a la intersección. SECCIÓN IX LIMITES DE VELOCIDADES",100
 SEGUNDO , V,146,"Ninguna persona conducirá un vehículo por una vía pública a una velocidad mayor de la razonable y prudente, tomando en cuenta las condiciones del tránsito, del camino de la visibilidad, del vehículo y del propio conductor; ni superior a los límites que esta Ley establece. Tampoco conducirá un vehículo a una velocidad tan baja que entorpezca el tránsito, excepto cuando sea necesario marchar lentamente por razones de seguridad o en cumplimiento de la presente Ley o por cualquiera otra causa justificada. Queda prohibido a los conductores entablar competencias de velocidad o de aceleración en las vías públicas.",151
 SEGUNDO , V,147,Los Ayuntamientos podrán modificar los límites máximos de velocidad que señala el Artículo 88 de esta Ley en las vías donde lo estimen conveniente. Al efecto instalarán las señales correspondientes.,49
 SEGUNDO , V,148,"En todo caso, cuando un vehículo sea conducido en una vía a velocidad más lenta que la normal de tránsito, deberá circular por su extrema derecha, excepto cuando esté preparándose para dar vuelta a la izquierda.",56
 SEGUNDO , V,149,"En pendiente descendiente, se deberá controlar la velocidad con el motor, evitando transitar con la caja de velocidades en punto neutral o con el pedal de embrague oprimido. SECCIÓN X 33 REBASAR",53
 SEGUNDO , V,150,"Queda prohibido rebasar a cualquier vehículo que se haya detenido frente a una zona de paso a peatones, marcada o no, para permitir el paso a un peatón que cruce la vía.",48
 SEGUNDO , V,151,"Queda prohibido invadir un carril de sentido opuesto a la circulación, para rebasar una hilera de vehículos.",29
 SEGUNDO , V,152,"El conductor de un vehículo que circule en el mismo sentido que otro, por una vía de 2 carriles y circulación en ambos sentidos, podrán rebasarlo por la izquierda sujetándose a las reglas siguientes: I",53
 SEGUNDO , V,153,Ningún vehículo podrá rebasar a otro por la izquierda del centro de la vía de 2 carriles en circulación en ambos en las condiciones siguientes: I,38
 SEGUNDO , V,154,"El conductor de un vehículo podrá rebasar por la derecha a otro que transite en el mismo sentido, sólo en los siguientes casos y extremando las precauciones: I",37
 SEGUNDO , V,155,"Queda prohibido rebasar vehículos por el acotamiento, así como por el 34 carril del estacionamiento.",27
 SEGUNDO , V,156,"No será considerado como rebase, cuando cubiertos todos los carriles de circulación, los vehículos de una fila transiten más de prisa que los de otra. SECCIÓN XI ESTACIONAMIENTO",47
 SEGUNDO , V,157,Cuando se estaciona un vehículo deberán observarse las siguientes reglas: I,19
 SEGUNDO , V,158,"Todo conductor de transporte escolar, está obligado a poner en funcionamiento los dispositivos luminosos especiales cuando se detenga en la vía pública para recibir o dejar escolares y no deberá hacerlo en ninguna otra circunstancia.",51
 SEGUNDO , V,159,"Todo conductor, al alcanzar o encontrar un vehículo de transporte escolar detenido en la vía pública para recibir o dejar escolares, detendrá el vehículo al aproximarse al transporte escolar, cuando esté funcionando en este último la señal correspondiente y no emprenderá la marcha hasta que dicha señal deje de funcionar.",77
 SEGUNDO , V,160,"El conductor que por causa de fuerza mayor tuviere que parar en la superficie de rodamiento de una carretera, lo hará procurando ocupar el mínimo posible de dicha superficie dejando una distancia de visibilidad suficiente en ambos sentidos. De inmediato colocará sobre la vía los dispositivos de advertencia reglamentarios como a continuación se indica: I",86
 SEGUNDO , V,161,"Las mismas reglas señaladas en el artículo anterior deberán observar los conductores de vehículos de más de 2.00 metros de ancho, que se estacionen por causa de fuerza mayor, fuera de la superficie de rodamiento y a menos de 2.00 metros de ésta, con la salvedad de que los dispositivos de advertencia serán colocados en la orilla de la superficie de rodamiento.",98
 SEGUNDO , V,162,Ninguna persona estacionará un vehículo en los siguientes lugares: I,16
 SEGUNDO , V,163,"Las vías públicas destinadas a la circulación de vehículos en las zonas urbanas y suburbanas o rurales, deberán tener las dimensiones y características que al efecto establezcan los manuales respectivos editados por la Secretaría de Desarrollo Urbano y Ecología del Gobierno Federal.",68
 SEGUNDO , V,164,"Ninguna persona desplazará vehículos ajenos, correctamente estacionados, a lugares prohibidos.",24
 SEGUNDO , V,165,"Ninguna persona deberá abrir las portezuelas de un vehículo por el lado de la circulación, excepto los conductores que sólo podrán abrir la que les corresponde sin entorpecer la circulación y no la mantendrán abierta por mayor tiempo que el estrictamente necesario para su ascenso y descenso.",76
 SEGUNDO , V,166,"Para el ascenso o descanso de pasajeros, los conductores deberán detener sus vehículos junto a la acera, de tal manera que aquellos no tengan que pisar la superficie de rodamiento. En zonas rurales deberán hacerlo en los lugares destinados para el efecto y a falta de estos, fuera de la superficie de rodamiento.",84
 SEGUNDO , V,167,"Todo conductor al aproximarse a un cruce de ferrocarril, deberá hacerlo a velocidad moderada y no cruzará la vía férrea hasta cerciorarse de que no se aproxima ningún vehículo que circule sobre los rieles.",55
 SEGUNDO , V,168,"Es obligación de parar antes de un cruce de ferrocarril; el conductor que se aproxime a un cruce ferroviario deberá, en los siguientes casos, detenerse a una distancia no menor de 5.00 metros del riel más cercano y no reanudará su marcha, hasta que pueda hacerlo con seguridad: a)",79
 SEGUNDO , V,169,"Ningún conductor deberá demorarse innecesariamente al cruzar la vía férrea. En caso de inmovilización forzosa de un vehículo sobre los rieles, su conductor deberá esforzarse por colocarlo fuera de ellos y, si no lo consiguiere, deberá adoptar inmediatamente todas las medidas a su alcance para que los maquinistas de los vehículos que circulen sobre rieles sean advertidos de la existencia del peligro con la suficiente antelación.",119
 SEGUNDO , V,170,"Para pasar un cruce de ferrocarril con un tractor de orugas, para 37 mecánica, grúa, aplanadora, equipos o estructuras, que tenga una velocidad normal de operación menor de 15 km/h o un claro inferior de rodada menor de 22 cm., el conductor deberá, además de tomar las precauciones a que se refiere el Artículo anterior, solicitar autorización del jefe de la Estación más próxima de ferrocarril a fin de que se tomen las medidas de protección apropiadas para el cruzamiento. SECCIÓN XII VEHÍCULOS DE EMERGENCIA",138
 SEGUNDO , V,171,Los conductores de vehículos de emergencia pueden hacer uso de los siguientes privilegios: I,20
 SEGUNDO , V,172,"Los privilegios que se conceden a un conductor de vehículo de emergencia rigen sólo cuando esté haciendo uso de señales luminosas o audibles especiales, según se establece en esta Ley.",44
 SEGUNDO , V,173,Queda prohibido a los conductores de vehículos de emergencia hacer uso de las señales luminosas o audibles especiales cuando no viajen en emergencia.,35
 SEGUNDO , V,174,"Las disposiciones anteriores no relevan a los conductores de vehículos de emergencia de la obligación que tienen de manejar con la debida precaución, tendiente a proteger a las personas y a los bienes.",49
 SEGUNDO , V,175,"Las disposiciones anteriores, no serán aplicables a trabajadores, vehículos y otros equipos, mientras se encuentren ejecutando un trabajo en la vía pública, pero se aplicarán cuando transiten hacia o desde el lugar de trabajo.",53
 SEGUNDO , V,176,"Al acercarse un vehículo de emergencia que lleve señales luminosas y audibles especiales, los conductores de otros vehículos cederán el paso al de emergencia, pasando a ocupar una posición paralela y lo más cercano posible al extremo del carril derecho o a la acera, fuera de la intersección, y se detendrá manteniéndose inmóvil hasta que haya pasado el vehículo de emergencia. Tienen preferencia de paso, por el orden en que se mencionan, los vehículos destinados a los siguientes servicios y funciones: bomberos, ambulancias, seguridad pública, policía preventiva y tránsito.",150
 SEGUNDO , VI ,177,"Los peatones deberán cumplir las disposiciones de esta Ley, las indicaciones de los Agentes de la Policía y Tránsito y los dispositivos para el control del tránsito.",44
 SEGUNDO , VI ,178,"Los peatones transitarán por las aceras de las vías públicas y sobre las zonas destinadas para este objeto, evitando interrumpir u obstruir en cualquier forma la fluidez del tránsito.",52
 SEGUNDO , VI ,179,"Queda prohibido jugar en las vías públicas, ya sea en la superficie de 38 rodamiento o en las aceras, así como transitar por estas en patines, triciclos u otros vehículos.",49
 SEGUNDO , VI ,180,"Cuando existan aceras, estará prohibido a los peatones caminar por la superficie de rodamiento. Cuando no las haya, transitarán por una zona mínima de 1.50 metros paralela a la alineación de la manzana. En las zonas rurales deberán circular por el acotamiento y a falta de éste, por la orilla de la vía, dando el frente al tránsito.",100
 SEGUNDO , VI ,181,"Los peatones que empujen o que lleven objetos voluminosos, podrán utilizar la superficie de rodamiento si su circulación por la acera pudiera constituir un estorbo considerable para los demás peatones; en este caso, circularán lo más cerca posible de la orilla de la acera.",72
 SEGUNDO , VI ,182,"Todo peatón deberá cruzar las vías públicas en las intersecciones o en las zonas marcadas para tal efecto, excepto cuando se trate de zonas suburbanas, o rurales que podrán cruzarse por cualquier punto, debiendo siempre ceder el paso a los vehículos. En los lugares donde haya pasos a desnivel para peatones estos están obligados a usarlos. Ningún peatón cruzará la intersección diagonalmente, excepto en los casos en que los dispositivos para el control del tránsito lo permitan. Entre dos intersecciones contiguas controladas con semáforos, los peatones sólo cruzarán la calle en las zonas de paso marcadas para el efecto.",164
 SEGUNDO , VI ,183,Los peatones deberán tomar todas las precauciones al cruzar una vía y no irrumpirán intempestivamente la superficie de rodamiento.,35
 SEGUNDO , VI ,184,"Iniciado el cruce de una vía, los peatones no deberán demorarse sin necesidad.",25
 SEGUNDO , VI ,185,Los peatones deberán transitar por la mitad derecha de las zonas de cruce.,22
 SEGUNDO , VI ,186,"Los peatones que no se encuentren en completo uso de sus facultades y los menores de 8 años de edad, deberán ser conducidos por personas aptas al cruzar las vías, los invidentes deberán usar bastón blanco, a fin de que puedan ser distinguidos por los conductores. Los carentes de sentido del oído deberán usar brazalete amarillo.",90
 SEGUNDO , VI ,187,"Las personas con discapacidad que se desplacen en sillas de ruedas u otros medios especiales, no deberán transitar en la vía pública a mayor velocidad que la de marcha normal de los peatones.",49
 SEGUNDO , VI ,188,"Ninguna persona debe ofrecer mercancías o servicios a los ocupantes de los vehículos, repartirles propaganda o solicitarles ayuda económica; solicitar transportación en vehículos que no sean de servicio público autorizado, ni ofrecerse para cuidar vehículos.",60
 SEGUNDO , VI ,189,Se prohíbe a los pasajeros obstruir la visibilidad del conductor o interferir los controles de manejo.,28
 SEGUNDO , VI ,190,"Ninguna persona deberá ocupar un remolque mientras se encuentre en movimiento, excepto cuando haya sido diseñado para transporte de personas y aprobado por la autoridad de tránsito.",44
 SEGUNDO , VI ,191,Se prohibe a los pasajeros ascender o descender de vehículos en movimientos.,20
 SEGUNDO , VI ,192,"Los pasajeros deberán viajar en el interior de los vehículos absteniéndose 39 de hacerlo en salpicaderas, estribos, plataformas o cualquier parte externa de los mismos. Tampoco lo harán de manera que alguna parte del cuerpo del pasajero sobresalga del vehículo y pueda ser lesionado.",79
 SEGUNDO , VII ,201,Los vibradores son acanalamientos transversales al eje de la vía. Advierten la proximidad de un peligro y los conductores deben disminuir la velocidad y extremar sus precauciones al cruzarlos.,52
 SEGUNDO , VII ,202,"Las guías son tubos verticales colocados a ambos lados de los vados y a todo lo largo de los mismos para delimitar su anchura. Antes de cruzarlos debe el conductor observar las escalas de profundidad, fijadas en algunas guías.",62
 SEGUNDO , VII ,203,"Los contratistas o encargados de la ejecución de obras en las vías públicas, aun tratándose de oficiales, están obligados a instalar los dispositivos transitorios para el control de tránsito, sujetándose a las especificaciones establecidas por las autoridades competentes. Consisten, desde un simple abanderamiento, señales manuales con bandera roja, barreras, conos, tambores o una serie de señales y lámparas intermitentes durante el día, hasta mecheros, linternas, reflectantes y lámparas intermitentes durante la noche.",134
 SEGUNDO , VII ,204,Las señales manuales con bandera roja indican: a),15
 SEGUNDO , VII ,205,"SEMÁFOROS. Tienen por objeto dirigir y regular el tránsito de vehículos y peatones por medio de lámparas eléctricas que proyectan a través de lentes y contra el sentido de la circulación, luz roja, ámbar, verde o flecha de este último color, una por una o en combinación, a excepción de los exclusivos para peatones que deben proyectar luz blanca o anaranjada. Los lentes de los semáforos estarán dispuestos verticalmente en el siguiente orden descendente: roja, ámbar y verde; en el caso de semáforos horizontales deberán estar en el mismo orden, de izquierda a derecha. Dichas luces indican a los conductores y peatones que las observen de frente, que deben obedecerlas en los siguientes términos: I",195
 SEGUNDO , VII ,206,"Donde haya semáforos para peatones, éstos atenderán exclusivamente sus indicaciones en la siguiente forma: I",29
 SEGUNDO , VII ,207,"Los semáforos para el control de circulación en carriles, colocados sobre el centro de cada uno de ellos indican: I",30
 SEGUNDO , VII ,208,"Los semáforos en cruceros de ferrocarril, consisten en luces rojas que se encienden y apagan alternadamente o una luz roja en el centro de un disco que oscila como péndulo en algunos casos se complementan con campanas eléctricas sincronizadas con las luces y barreras que atraviesan los carriles de circulación. Son dispositivos que al funcionar indican alto total a los conductores y peatones, ya que se aproxima o pasa un tren.",116
 SEGUNDO , VII ,209,"Los automóviles de alquiler, deberán portar en la parte delantera del parabrisas o del techo, un letrero intercambiable y visible con las palabras ""LIBRE"" u ""OCUPADO"" para indicar que están disponibles para ser ocupados o no, para su uso por parte del público. Asimismo, deberán ser del color que determinará la Dirección de Transporte del Estado, debiendo, además en las portezuelas graficarse el Estado de Sonora con señalamiento expreso del Municipio donde se encuentran autorizados, el número económico y el sitio correspondiente. 52",141
 SEGUNDO , VII ,210,"Los vehículos destinados al transporte público de pasaje colectivo urbano, deberán ostentar en lugar visible la denominación de la ruta y el número económico así como ser del color que señale la Dirección de Transporte del Estado con el fin de orientar al público usuario.",61
 SEGUNDO , VII ,211,"Los vehículos destinados al servicio público de transporte de pasaje colectivo, en los sistemas suburbanos y foráneos, deberán ostentar el número del permiso y señalamiento de la ruta. Por lo que respecta al color de las unidades, este deberá diferenciarse en los servicios de primera y segunda clase. Cuando la clase de servicio tenga el mismo origen y destino de ruta, las unidades deberán ser uniformes en cuanto al color, el cual se determinará por la Dirección de Transporte del Estado.",112
 SEGUNDO , VII ,212,"Cuando un vehículo de transporte público de pasaje colectivo por alguna razón que así lo obligue, no esté prestando servicio al público o transite fuera de la ruta autorizada, deberá ostentar en las condiciones señaladas con anterioridad un letrero con las palabras ""SERVICIO ESPECIAL"" o simplemente ""ESPECIAL.”",77
 SEGUNDO , VII ,213,"Los vehículos destinados al servicio particular para el transporte colectivo de personas o de carga, deberán ostentar en las portezuelas el número de permiso, la razón social y la palabra ""PARTICULAR"" o cualquier otra que denote que no es para servicio público.",60
 SEGUNDO , VIII,214,"El conductor de cualquier vehículo implicado en un accidente con saldo de muertos o daños materiales en vehículos u otras propiedades, debe inmediatamente dejar estacionado el vehículo en el lugar del accidente y permanecer en dicho sitio, colocando las señales de protección hasta que tome conocimiento de los hechos la autoridad competente.",78
 SEGUNDO , VIII,215,"El conductor de cualquier vehículo implicado en un accidente con saldo de lesionados, debe proceder a prestar ayuda a estos y, si es preciso, procurar por los medios a su alcance o con su propio vehículo, el traslado de los lesionados al lugar más próximo en que puedan recibir asistencia médica. En todo caso, el implicado en un accidente de tránsito que haya abandonado el sitio del siniestro en busca de auxilio para las víctimas, está obligado a regresar a dicho lugar, y ponerse a disposición de la autoridad que tome conocimiento del mismo. Los conductores de los demás vehículos que pasen por el lugar del accidente, están obligados a detenerse a la indicación que se les haga y colaborar en el auxilio de los lesionados. La misma obligación se impone a toda persona que llegue al lugar del accidente, sea conductor, pasajero o peatón.",213
 SEGUNDO , VIII,216,"El conductor de un vehículo que cause daños a otros vehículos o propiedad no vigilados, deberá detenerse, localizar y comunicar al conductor o al propietario del vehículo o de los bienes dañados, su nombre, dirección y los del propietario del vehículo que conduce. Si no lo encuentra deberá fijar en un lugar visible del vehículo o propiedad dañados, una nota con los datos mencionados.",98
 SEGUNDO , VIII,217,"Si a consecuencia de un accidente del que no resulten muertos, ni lesionados, se causan daños materiales, en bienes que no sean del dominio público, las partes pueden llegar a un acuerdo, el que se hará constar mediante convenio suscrito por los interesados, con sus nombres, domicilios y número de placas de circulación de los vehículos y una breve descripción del accidente. Los convenios celebrados ante la presencia del Jefe de Tránsito, o de 53 quien supla sus funciones conforme a esta Ley, tendrán la calidad de documentos públicos.",135
 SEGUNDO , VIII,218,"El propietario, el conductor o los ocupantes de un vehículo implicado en un accidente de tránsito con saldo de víctimas o daños materiales en bienes de dominio público, deberán dar aviso inmediato de lo ocurrido a la Oficina de Tránsito más cercana o bien, a un representante de esa autoridad: a)",83
 SEGUNDO , VIII,219,"Cualquier persona que proporcione a la Autoridad de Tránsito, informes orales o escritos relativos a un accidente de tránsito, que resulten evidentemente falsos, estará sujeta a las sanciones previstas por la Legislación Penal.",62
 SEGUNDO , VIII,220,"La falta de licencia hace presumir la impericia del conductor, en caso de un accidente.",21
 SEGUNDO , VIII,221,Los Agentes de Tránsito actuarán en los términos del Artículo 223 de la presente Ley al darse cuenta o tomar conocimiento de un accidente.,38
 TERCERO, I,*222,Las infracciones a la presente Ley se sancionarán con: I,16
 TERCERO, I,*223,"Al darse cuenta o al tener conocimiento de una infracción, los Agentes de Tránsito, acudirán inmediatamente al lugar donde ocurra y tomarán las siguientes medidas según el caso: I",47
 TERCERO, I,224,"Las infracciones se harán constar en los talonarios oficiales, tratándose de las levantadas por Agentes de Tránsito y en las actas respectivas que al efecto se formulen cuando 55 se refieran a las infracciones que, por su naturaleza, no puedan consignarse en las boletas oficiales. Las infracciones se levantarán a personas físicas; de ninguna manera se levantarán infracciones ""A quien corresponda"", exceptuándose los casos de estacionómetros y zonas prohibidas.",124
 TERCERO, I,225,"Cuando el infractor, en un solo hecho viole varias disposiciones de esta Ley, se aplicará la sanción que corresponda a la infracción de mayor gravedad.",41
 TERCERO, I,226,"Al infractor reincidente, se le aplicará el doble de la multa que corresponda a la infracción cometida. Para los efectos de esta Ley, se considerará como reincidencia la infracción de una misma disposición en más de tres ocasiones diversas durante el lapso de un año, contado a partir de la primera infracción.",77
 TERCERO, I,227,"El total de las multas que se impongan, tratándose de jornaleros, obreros o trabajadores, no podrán exceder del importe a que se refiere el Artículo 21 de la Constitución Política de los Estados Unidos Mexicanos. El recaudador ante quien se haga el entero de la multa, recabará en su caso, el número de afiliación y grupo de salario a que pertenezca, con vista a los documentos justificativos expedidos por la Institución de Seguridad Social de la que sea derecho habiente y que estén vigentes.",131
 TERCERO, I,228,"El pago de la multa deberá hacerse precisamente en la caja recaudadora municipal del lugar donde se cometió la infracción, dentro del término de quince días a partir de la fecha en que se impuso la multa. El pago podrá también hacerse por correo, remitiendo la boleta de infracción con su importe en cheque o giro postal adherido en este caso. El descuento a que se refiere el artículo 229 de la presente Ley, únicamente surtirá efectos si la pieza postal es depositada en cualquier oficina de correo del País, antes de que expire el término de gracia. Las multas podrán pagarse mediante cheque personal sin necesidad de certificación.",159
 TERCERO, I,229,"El infractor que pague la multa, dentro de las veinticuatro horas siguientes a la de su imposición, gozará de un descuento del 50% de su importe. Si el pago de la multa se hace después de las veinticuatro horas, pero dentro de los tres días siguientes al de su imposición, el descuento será únicamente del 25%.",88
 TERCERO, I,230,"Prescribirá en seis meses la acción de las autoridades de tránsito para determinar la responsabilidad de una infracción y para establecer la sanción que le corresponda. La acción del fisco para hacer efectiva las sanciones señaladas en esta Ley, prescribirán en cinco años. En ambos casos, el término de la prescripción corre a partir de la fecha en que se haya cometido la infracción.",98
 TERCERO, I,*231,"Se impondrá multa que habrá de determinarse en las Leyes de Ingresos de los Ayuntamientos, de conformidad con las bases establecidas en esta Ley: a)",41
 TERCERO, I,232,"Se impondrá multa que habrá de determinarse en las Leyes de Ingresos de los Ayuntamientos, de conformidad con las bases establecidas en esta Ley: a)",41
 TERCERO, I,233,"Se impondrá multa que habrá de determinarse en las Leyes de Ingresos de los Ayuntamientos, de conformidad con las bases establecidas en esta Ley: a)",41
 TERCERO, I,234,"Se impondrá multa que habrá de determinarse en las Leyes de Ingresos de los Ayuntamientos, de conformidad con las bases establecidas en esta Ley: 57 a)",43
 TERCERO, I,235,"Se impondrá multa que habrá de determinarse en las Leyes de Ingresos de los Ayuntamientos, de conformidad con las bases establecidas en esta Ley: a)",41
 TERCERO, I,236,"Se impondrá multa que habrá de determinarse en las Leyes de Ingresos de los Ayuntamientos, de conformidad con las bases establecidas en esta Ley: a)",41
 TERCERO, I,237,"Se impondrá multa que habrá de determinarse en las Leyes de Ingresos de los Ayuntamientos, de conformidad con las bases establecidas en esta Ley: a)",41
 TERCERO, I,238,"Las sanciones a esta Ley en que incurran personas que no sean conductores de vehículos, se sancionarán conforme se determine en las Leyes de Ingresos de los Ayuntamientos, de conformidad con las bases establecidas en esta Ley: a)",59
 TERCERO, I,239,"Las Leyes de Ingresos de los Ayuntamientos procurarán englobar la totalidad de las conductas que ameriten sanción, de conformidad con las bases establecidas en la presente Ley.",46
 TERCERO, II,240,"Las sanciones establecidas en esta Ley podrán ser impugnadas mediante la interposición, ante el Juez Calificador, del recurso de revocación, para el cual se aplicarán las disposiciones procedimentales previstas por el Capítulo Tercero del Titulo Segundo, Libro Cuarto de la Ley de Seguridad Pública para el Estado de Sonora. Los interesados afectados por la resolución del Juez Calificador podrán, a su elección, interponer el recurso de inconformidad previsto en el Capítulo Quinto del Título Décimo Cuarto de la Ley de Gobierno y Administración Municipal o intentar el juicio correspondiente ante el Tribunal de lo Contencioso Administrativo del Estado.",163
 TERCERO, II,241,Se deroga.,4
 TERCERO, II,242,Se deroga.,4
 TERCERO, II,243,"Si se trata exclusivamente de inconformarse por la imposición de la sanción de multa derivada de los supuestos establecidos en los artículos 231 al 238 de esta Ley, el recurso de revocación podrá hacerse valer por comparecencia, ante el Juez Calificador quien dictará su resolución, transcribiendo sucintamente de acuerdo al margen de la boleta de la infracción, con su rúbrica.",103
